{"stats":{"minecraft:killed_by":{"minecraft:player":4},"minecraft:killed":{"minecraft:iron_golem":1},"minecraft:custom":{"minecraft:open_chest":1,"minecraft:time_since_rest":7012,"minecraft:crouch_one_cm":48,"minecraft:play_time":21010,"minecraft:sprint_one_cm":15856,"minecraft:deaths":5,"minecraft:damage_taken":986,"minecraft:walk_one_cm":6842,"minecraft:sneak_time":21,"minecraft:walk_under_water_one_cm":158,"minecraft:mob_kills":1,"minecraft:jump":197,"minecraft:damage_dealt":1629,"minecraft:leave_game":1,"minecraft:time_since_death":6970,"minecraft:walk_on_water_one_cm":197,"minecraft:total_world_time":21010,"minecraft:swim_one_cm":1501,"minecraft:fall_one_cm":2539,"minecraft:fly_one_cm":80194},"minecraft:picked_up":{"minecraft:iron_ingot":3,"minecraft:poppy":2},"minecraft:used":{"minecraft:netherite_sword":11},"minecraft:mined":{"minecraft:grass":7,"minecraft:tall_grass":2}},"DataVersion":3465}