{"stats":{"minecraft:custom":{"minecraft:open_chest":1,"minecraft:time_since_rest":18121,"minecraft:crouch_one_cm":1779,"minecraft:damage_taken":986,"minecraft:play_time":32119,"minecraft:sprint_one_cm":29524,"minecraft:deaths":5,"minecraft:walk_one_cm":10511,"minecraft:sneak_time":2048,"minecraft:walk_under_water_one_cm":158,"minecraft:mob_kills":1,"minecraft:jump":299,"minecraft:damage_dealt":1699,"minecraft:leave_game":3,"minecraft:walk_on_water_one_cm":1392,"minecraft:time_since_death":18079,"minecraft:total_world_time":32119,"minecraft:swim_one_cm":1501,"minecraft:fall_one_cm":2539,"minecraft:fly_one_cm":114973},"minecraft:used":{"minecraft:torch":24,"minecraft:netherite_sword":11,"minecraft:mossy_cobblestone":1,"minecraft:cobblestone":1,"minecraft:bell":1},"minecraft:mined":{"minecraft:grass":7,"minecraft:tall_grass":2},"minecraft:picked_up":{"minecraft:torch":1,"minecraft:wheat_seeds":2,"minecraft:bell":1,"minecraft:iron_ingot":3,"minecraft:poppy":2},"minecraft:killed":{"minecraft:iron_golem":1},"minecraft:killed_by":{"minecraft:player":4}},"DataVersion":3465}