{"stats":{"minecraft:used":{"minecraft:netherite_sword":11,"minecraft:torch":24,"minecraft:mossy_cobblestone":1,"minecraft:cobblestone":1,"minecraft:bell":1},"minecraft:custom":{"minecraft:open_chest":1,"minecraft:time_since_rest":24121,"minecraft:crouch_one_cm":1779,"minecraft:play_time":38119,"minecraft:sprint_one_cm":33566,"minecraft:damage_taken":1082,"minecraft:deaths":5,"minecraft:walk_one_cm":14477,"minecraft:sneak_time":2048,"minecraft:walk_under_water_one_cm":158,"minecraft:mob_kills":1,"minecraft:jump":328,"minecraft:damage_dealt":1759,"minecraft:leave_game":3,"minecraft:walk_on_water_one_cm":1392,"minecraft:time_since_death":24079,"minecraft:total_world_time":38119,"minecraft:swim_one_cm":1501,"minecraft:fall_one_cm":3166,"minecraft:fly_one_cm":123716},"minecraft:picked_up":{"minecraft:wheat_seeds":2,"minecraft:torch":1,"minecraft:bell":1,"minecraft:iron_ingot":3,"minecraft:poppy":2},"minecraft:killed_by":{"minecraft:player":4},"minecraft:mined":{"minecraft:grass":8,"minecraft:tall_grass":2},"minecraft:killed":{"minecraft:iron_golem":1}},"DataVersion":3465}