{"stats":{"minecraft:used":{"minecraft:netherite_sword":11,"minecraft:bell":1,"minecraft:torch":24,"minecraft:mossy_cobblestone":1,"minecraft:cobblestone":1},"minecraft:custom":{"minecraft:time_since_rest":7498,"minecraft:sprint_one_cm":40371,"minecraft:walk_one_cm":17577,"minecraft:damage_taken":2212,"minecraft:mob_kills":1,"minecraft:damage_dealt":1759,"minecraft:swim_one_cm":1501,"minecraft:fly_one_cm":179576,"minecraft:open_chest":1,"minecraft:crouch_one_cm":1779,"minecraft:play_time":50119,"minecraft:deaths":10,"minecraft:sneak_time":2106,"minecraft:walk_under_water_one_cm":158,"minecraft:jump":390,"minecraft:leave_game":3,"minecraft:time_since_death":7413,"minecraft:walk_on_water_one_cm":1392,"minecraft:total_world_time":50119,"minecraft:fall_one_cm":5239},"minecraft:picked_up":{"minecraft:tipped_arrow":40,"minecraft:enchanting_table":1,"minecraft:netherite_boots":5,"minecraft:iron_chestplate":1,"minecraft:torch":1,"minecraft:oak_log":138,"minecraft:end_crystal":64,"minecraft:netherite_pickaxe":1,"minecraft:spectral_arrow":31,"minecraft:netherite_leggings":6,"minecraft:iron_leggings":1,"minecraft:netherite_helmet":5,"minecraft:wheat_seeds":2,"minecraft:netherite_sword":2,"minecraft:bell":1,"minecraft:iron_helmet":1,"minecraft:iron_ingot":3,"minecraft:crossbow":1,"minecraft:netherite_axe":1,"minecraft:totem_of_undying":6,"minecraft:poppy":2,"minecraft:netherite_chestplate":6,"minecraft:enchanted_golden_apple":128,"minecraft:obsidian":64,"minecraft:iron_boots":1},"minecraft:killed_by":{"minecraft:player":9},"minecraft:mined":{"minecraft:grass":9,"minecraft:oak_log":5,"minecraft:tall_grass":2},"minecraft:killed":{"minecraft:iron_golem":1}},"DataVersion":3465}