{"stats":{"minecraft:used":{"minecraft:wooden_axe":6,"minecraft:netherite_sword":11,"minecraft:stone_pickaxe":16,"minecraft:wooden_pickaxe":9,"minecraft:bell":1,"minecraft:stone_axe":2,"minecraft:torch":24,"minecraft:mossy_cobblestone":1,"minecraft:sand":1,"minecraft:cobblestone":1,"minecraft:crafting_table":3},"minecraft:custom":{"minecraft:time_since_rest":2457,"minecraft:sprint_one_cm":68271,"minecraft:walk_one_cm":26588,"minecraft:damage_taken":4410,"minecraft:mob_kills":1,"minecraft:damage_dealt":1802,"minecraft:interact_with_crafting_table":6,"minecraft:swim_one_cm":5133,"minecraft:fly_one_cm":275846,"minecraft:open_chest":1,"minecraft:crouch_one_cm":1779,"minecraft:play_time":60919,"minecraft:deaths":18,"minecraft:sneak_time":2106,"minecraft:walk_under_water_one_cm":1778,"minecraft:jump":630,"minecraft:leave_game":4,"minecraft:time_since_death":2159,"minecraft:walk_on_water_one_cm":5436,"minecraft:total_world_time":60919,"minecraft:fall_one_cm":17329},"minecraft:picked_up":{"minecraft:tipped_arrow":40,"minecraft:enchanting_table":1,"minecraft:crafting_table":2,"minecraft:netherite_boots":5,"minecraft:iron_chestplate":1,"minecraft:leather_chestplate":1,"minecraft:leather_leggings":1,"minecraft:torch":1,"minecraft:gravel":1,"minecraft:sand":1,"minecraft:oak_log":143,"minecraft:yellow_bed":1,"minecraft:end_crystal":64,"minecraft:netherite_pickaxe":1,"minecraft:spectral_arrow":31,"minecraft:netherite_leggings":6,"minecraft:dirt":27,"minecraft:leather_helmet":1,"minecraft:iron_leggings":1,"minecraft:apple":2,"minecraft:netherite_helmet":5,"minecraft:wheat_seeds":2,"minecraft:netherite_sword":2,"minecraft:bell":1,"minecraft:iron_helmet":1,"minecraft:iron_ingot":3,"minecraft:crossbow":1,"minecraft:netherite_axe":1,"minecraft:totem_of_undying":6,"minecraft:poppy":2,"minecraft:netherite_chestplate":6,"minecraft:enchanted_golden_apple":128,"minecraft:oak_sapling":1,"minecraft:obsidian":64,"minecraft:cobblestone":25,"minecraft:iron_boots":1},"minecraft:killed_by":{"minecraft:player":16},"minecraft:crafted":{"minecraft:oak_planks":20,"minecraft:crafting_table":2,"minecraft:stone_pickaxe":2,"minecraft:wooden_pickaxe":1,"minecraft:stick":12,"minecraft:wooden_axe":1,"minecraft:stone_axe":1},"minecraft:mined":{"minecraft:crafting_table":2,"minecraft:yellow_bed":1,"minecraft:grass":11,"minecraft:grass_block":2,"minecraft:oak_log":8,"minecraft:gravel":1,"minecraft:dirt":4,"minecraft:sand":1,"minecraft:tall_grass":2,"minecraft:stone":24},"minecraft:killed":{"minecraft:iron_golem":1}},"DataVersion":3465}