{"stats":{"minecraft:custom":{"minecraft:open_chest":1,"minecraft:time_since_rest":9689,"minecraft:crouch_one_cm":263,"minecraft:damage_taken":986,"minecraft:play_time":23687,"minecraft:sprint_one_cm":18023,"minecraft:deaths":5,"minecraft:walk_one_cm":8282,"minecraft:sneak_time":704,"minecraft:walk_under_water_one_cm":158,"minecraft:mob_kills":1,"minecraft:jump":217,"minecraft:damage_dealt":1699,"minecraft:leave_game":2,"minecraft:walk_on_water_one_cm":440,"minecraft:time_since_death":9647,"minecraft:total_world_time":23687,"minecraft:swim_one_cm":1501,"minecraft:fall_one_cm":2539,"minecraft:fly_one_cm":81829},"minecraft:picked_up":{"minecraft:iron_ingot":3,"minecraft:poppy":2},"minecraft:used":{"minecraft:netherite_sword":11},"minecraft:killed_by":{"minecraft:player":4},"minecraft:killed":{"minecraft:iron_golem":1},"minecraft:mined":{"minecraft:grass":7,"minecraft:tall_grass":2}},"DataVersion":3465}