{"stats":{"minecraft:used":{"minecraft:netherite_sword":8,"minecraft:enchanted_golden_apple":1},"minecraft:custom":{"minecraft:damage_absorbed":160,"minecraft:time_since_rest":295,"minecraft:crouch_one_cm":89,"minecraft:walk_one_cm":6673,"minecraft:play_time":6000,"minecraft:sprint_one_cm":7396,"minecraft:damage_taken":1206,"minecraft:deaths":6,"minecraft:sneak_time":37,"minecraft:walk_under_water_one_cm":535,"minecraft:drop":4,"minecraft:jump":95,"minecraft:damage_dealt":865,"minecraft:walk_on_water_one_cm":1721,"minecraft:time_since_death":262,"minecraft:damage_resisted":48,"minecraft:total_world_time":6000,"minecraft:swim_one_cm":4707,"minecraft:fall_one_cm":1947,"minecraft:fly_one_cm":28882,"minecraft:player_kills":1},"minecraft:picked_up":{"minecraft:iron_leggings":1,"minecraft:iron_chestplate":1,"minecraft:iron_helmet":1,"minecraft:netherite_axe":2,"minecraft:enchanted_golden_apple":192,"minecraft:netherite_pickaxe":1,"minecraft:iron_boots":1},"minecraft:killed_by":{"minecraft:player":4},"minecraft:dropped":{"minecraft:iron_helmet":1,"minecraft:iron_boots":1,"minecraft:iron_leggings":1,"minecraft:iron_chestplate":1}},"DataVersion":3465}