{"stats":{"minecraft:used":{"minecraft:oak_log":3,"minecraft:netherite_sword":8,"minecraft:netherite_chestplate":3,"minecraft:netherite_axe":3,"minecraft:netherite_boots":5,"minecraft:wooden_sword":5,"minecraft:sand":1,"minecraft:anvil":1,"minecraft:netherite_leggings":3,"minecraft:netherite_helmet":3,"minecraft:enchanted_golden_apple":9,"minecraft:experience_bottle":146},"minecraft:custom":{"minecraft:time_since_rest":1217,"minecraft:sprint_one_cm":32343,"minecraft:damage_taken":2486,"minecraft:walk_one_cm":13715,"minecraft:damage_absorbed":1176,"minecraft:interact_with_anvil":2,"minecraft:mob_kills":2,"minecraft:drop":16,"minecraft:damage_dealt":1425,"minecraft:swim_one_cm":25637,"minecraft:fly_one_cm":196729,"minecraft:player_kills":1,"minecraft:open_chest":1,"minecraft:crouch_one_cm":1291,"minecraft:play_time":18000,"minecraft:deaths":13,"minecraft:sneak_time":510,"minecraft:walk_under_water_one_cm":1861,"minecraft:jump":275,"minecraft:time_since_death":1179,"minecraft:walk_on_water_one_cm":5878,"minecraft:total_world_time":18000,"minecraft:damage_resisted":438,"minecraft:fall_one_cm":4209},"minecraft:picked_up":{"minecraft:tipped_arrow":1,"minecraft:iron_chestplate":1,"minecraft:sand":1,"minecraft:oak_log":5,"minecraft:netherite_pickaxe":1,"minecraft:iron_leggings":1,"minecraft:rotten_flesh":1,"minecraft:hay_block":8,"minecraft:iron_helmet":1,"minecraft:netherite_axe":2,"minecraft:enchanted_golden_apple":192,"minecraft:sugar_cane":3,"minecraft:iron_boots":1},"minecraft:killed_by":{"minecraft:player":7},"minecraft:crafted":{"minecraft:wheat":72},"minecraft:dropped":{"minecraft:leather_chestplate":1,"minecraft:tipped_arrow":1,"minecraft:sugar_cane":3,"minecraft:iron_chestplate":1,"minecraft:wooden_axe":1,"minecraft:leather_boots":1,"minecraft:leather_leggings":1,"minecraft:iron_helmet":1,"minecraft:rotten_flesh":1,"minecraft:iron_leggings":1,"minecraft:iron_boots":1,"minecraft:totem_of_undying":2,"minecraft:leather_helmet":1},"minecraft:mined":{"minecraft:hay_block":8,"minecraft:sand":1},"minecraft:killed":{"minecraft:zombie":1,"minecraft:spider":1}},"DataVersion":3465}