{"stats":{"minecraft:used":{"minecraft:netherite_sword":8,"minecraft:stone_pickaxe":74,"minecraft:netherite_chestplate":3,"minecraft:sandstone":3,"minecraft:sand":1,"minecraft:anvil":1,"minecraft:netherite_leggings":3,"minecraft:crafting_table":4,"minecraft:netherite_helmet":3,"minecraft:oak_log":3,"minecraft:bread":2,"minecraft:netherite_axe":9,"minecraft:netherite_boots":5,"minecraft:wooden_sword":27,"minecraft:cobblestone":4,"minecraft:enchanted_golden_apple":9,"minecraft:experience_bottle":146},"minecraft:custom":{"minecraft:mob_kills":2,"minecraft:interact_with_anvil":2,"minecraft:interact_with_crafting_table":5,"minecraft:leave_game":1,"minecraft:time_since_death":3,"minecraft:damage_resisted":438,"minecraft:time_since_rest":37,"minecraft:sprint_one_cm":48096,"minecraft:damage_absorbed":1176,"minecraft:damage_taken":6397,"minecraft:walk_one_cm":24178,"minecraft:drop":19,"minecraft:damage_dealt":2310,"minecraft:swim_one_cm":37480,"minecraft:fly_one_cm":253621,"minecraft:player_kills":2,"minecraft:open_chest":1,"minecraft:crouch_one_cm":2594,"minecraft:play_time":26749,"minecraft:deaths":29,"minecraft:sneak_time":2740,"minecraft:walk_under_water_one_cm":2787,"minecraft:jump":478,"minecraft:walk_on_water_one_cm":12073,"minecraft:total_world_time":26749,"minecraft:fall_one_cm":8584},"minecraft:picked_up":{"minecraft:iron_chestplate":1,"minecraft:crafting_table":2,"minecraft:andesite":8,"minecraft:oak_log":11,"minecraft:yellow_bed":1,"minecraft:iron_leggings":1,"minecraft:kelp":1,"minecraft:wheat_seeds":2,"minecraft:cobbled_deepslate":31,"minecraft:netherite_axe":2,"minecraft:enchanted_golden_apple":192,"minecraft:sugar_cane":3,"minecraft:iron_boots":1,"minecraft:tipped_arrow":1,"minecraft:stick":1,"minecraft:sandstone":4,"minecraft:sand":6,"minecraft:diorite":2,"minecraft:netherite_pickaxe":1,"minecraft:rotten_flesh":1,"minecraft:iron_helmet":1,"minecraft:hay_block":10,"minecraft:granite":8,"minecraft:cobblestone":37},"minecraft:killed_by":{"minecraft:player":22},"minecraft:crafted":{"minecraft:wooden_sword":1,"minecraft:oak_planks":20,"minecraft:crafting_table":3,"minecraft:bread":30,"minecraft:stick":8,"minecraft:stone_pickaxe":1,"minecraft:wheat":90},"minecraft:mined":{"minecraft:crafting_table":2,"minecraft:granite":8,"minecraft:kelp":1,"minecraft:diorite":2,"minecraft:sandstone":4,"minecraft:hay_block":10,"minecraft:andesite":8,"minecraft:grass":5,"minecraft:oak_log":6,"minecraft:sand":6,"minecraft:stone":30,"minecraft:deepslate":22},"minecraft:dropped":{"minecraft:kelp":1,"minecraft:sugar_cane":3,"minecraft:wheat_seeds":2,"minecraft:iron_helmet":1,"minecraft:rotten_flesh":1,"minecraft:iron_boots":1,"minecraft:totem_of_undying":2,"minecraft:leather_helmet":1,"minecraft:leather_chestplate":1,"minecraft:tipped_arrow":1,"minecraft:iron_chestplate":1,"minecraft:wooden_axe":1,"minecraft:leather_boots":1,"minecraft:iron_leggings":1,"minecraft:leather_leggings":1},"minecraft:killed":{"minecraft:spider":1,"minecraft:zombie":1}},"DataVersion":3465}