{"stats":{"minecraft:used":{"minecraft:leather_leggings":1,"minecraft:flint_and_steel":6,"minecraft:netherite_chestplate":1,"minecraft:leather_helmet":1,"minecraft:leather_chestplate":1,"minecraft:leather_boots":1,"minecraft:netherite_boots":1,"minecraft:netherite_leggings":2,"minecraft:crossbow":14,"minecraft:netherite_helmet":2},"minecraft:custom":{"minecraft:time_since_rest":237,"minecraft:sprint_one_cm":44601,"minecraft:damage_taken":2125,"minecraft:walk_one_cm":20483,"minecraft:mob_kills":2,"minecraft:drop":23,"minecraft:damage_dealt":60,"minecraft:swim_one_cm":4698,"minecraft:fly_one_cm":43927,"minecraft:crouch_one_cm":62,"minecraft:play_time":18000,"minecraft:deaths":11,"minecraft:sneak_time":123,"minecraft:walk_under_water_one_cm":201,"minecraft:jump":166,"minecraft:time_since_death":182,"minecraft:walk_on_water_one_cm":2553,"minecraft:total_world_time":18000,"minecraft:fall_one_cm":4193},"minecraft:picked_up":{"minecraft:tipped_arrow":6,"minecraft:netherite_boots":1,"minecraft:oak_log":5,"minecraft:netherite_leggings":1,"minecraft:netherite_helmet":1,"minecraft:netherite_axe":1,"minecraft:netherite_chestplate":1,"minecraft:mutton":2,"minecraft:white_wool":1},"minecraft:killed_by":{"minecraft:player":7},"minecraft:mined":{"minecraft:grass":1,"minecraft:tall_grass":5},"minecraft:dropped":{"minecraft:leather_chestplate":1,"minecraft:tipped_arrow":71,"minecraft:mutton":2,"minecraft:leather_boots":1,"minecraft:netherite_boots":2,"minecraft:netherite_chestplate":2,"minecraft:netherite_axe":1,"minecraft:netherite_helmet":3,"minecraft:crossbow":1,"minecraft:leather_leggings":1,"minecraft:totem_of_undying":1,"minecraft:white_wool":1,"minecraft:leather_helmet":1,"minecraft:netherite_leggings":3},"minecraft:killed":{"minecraft:sheep":1,"minecraft:spider":1}},"DataVersion":3465}