{"stats":{"minecraft:used":{"minecraft:netherite_helmet":1,"minecraft:netherite_chestplate":1,"minecraft:netherite_boots":1,"minecraft:crossbow":1,"minecraft:netherite_leggings":1},"minecraft:custom":{"minecraft:jump":50,"minecraft:time_since_rest":193,"minecraft:damage_dealt":56,"minecraft:crouch_one_cm":62,"minecraft:deaths":2,"minecraft:sprint_one_cm":13953,"minecraft:play_time":6000,"minecraft:damage_taken":125,"minecraft:time_since_death":154,"minecraft:walk_one_cm":8055,"minecraft:sneak_time":123,"minecraft:total_world_time":6000,"minecraft:drop":2,"minecraft:fall_one_cm":418,"minecraft:fly_one_cm":11367},"minecraft:picked_up":{"minecraft:tipped_arrow":5},"minecraft:dropped":{"minecraft:tipped_arrow":6}},"DataVersion":3465}