{"stats":{"minecraft:used":{"minecraft:leather_leggings":1,"minecraft:flint_and_steel":6,"minecraft:netherite_chestplate":1,"minecraft:oak_planks":4,"minecraft:leather_helmet":1,"minecraft:leather_chestplate":1,"minecraft:leather_boots":1,"minecraft:netherite_boots":1,"minecraft:sand":4,"minecraft:netherite_leggings":2,"minecraft:crossbow":14,"minecraft:netherite_helmet":2},"minecraft:custom":{"minecraft:time_since_rest":2632,"minecraft:sprint_one_cm":90365,"minecraft:damage_taken":5579,"minecraft:walk_one_cm":39775,"minecraft:mob_kills":2,"minecraft:drop":23,"minecraft:damage_dealt":154,"minecraft:swim_one_cm":35778,"minecraft:fly_one_cm":98442,"minecraft:crouch_one_cm":62,"minecraft:play_time":27609,"minecraft:deaths":25,"minecraft:sneak_time":123,"minecraft:walk_under_water_one_cm":4698,"minecraft:jump":403,"minecraft:leave_game":1,"minecraft:time_since_death":2603,"minecraft:walk_on_water_one_cm":7990,"minecraft:total_world_time":27609,"minecraft:fall_one_cm":10964},"minecraft:picked_up":{"minecraft:tipped_arrow":6,"minecraft:netherite_boots":1,"minecraft:sand":4,"minecraft:oak_log":6,"minecraft:netherite_leggings":1,"minecraft:netherite_helmet":1,"minecraft:wheat_seeds":2,"minecraft:netherite_axe":1,"minecraft:netherite_chestplate":1,"minecraft:oak_sapling":1,"minecraft:mutton":2,"minecraft:white_wool":1,"minecraft:oxeye_daisy":1},"minecraft:killed_by":{"minecraft:player":20},"minecraft:crafted":{"minecraft:oak_planks":4},"minecraft:dropped":{"minecraft:leather_chestplate":1,"minecraft:tipped_arrow":71,"minecraft:mutton":2,"minecraft:leather_boots":1,"minecraft:netherite_boots":2,"minecraft:netherite_chestplate":2,"minecraft:netherite_axe":1,"minecraft:netherite_helmet":3,"minecraft:crossbow":1,"minecraft:leather_leggings":1,"minecraft:totem_of_undying":1,"minecraft:white_wool":1,"minecraft:leather_helmet":1,"minecraft:netherite_leggings":3},"minecraft:mined":{"minecraft:seagrass":2,"minecraft:kelp_plant":1,"minecraft:grass":8,"minecraft:oak_log":1,"minecraft:sand":4,"minecraft:tall_grass":5,"minecraft:oxeye_daisy":1},"minecraft:killed":{"minecraft:sheep":1,"minecraft:spider":1}},"DataVersion":3465}